SET FOREIGN_KEY_CHECKS=0;
DROP TABLE IF EXISTS `kelas`;
DROP TABLE IF EXISTS `tugas_submission`;
DROP TABLE IF EXISTS `tugas`;
DROP TABLE IF EXISTS `materi`;
DROP TABLE IF EXISTS `ruangan`;
DROP TABLE IF EXISTS `mata_kuliah`;
DROP TABLE IF EXISTS `users`;
DROP TABLE IF EXISTS `role_has_permissions`;
DROP TABLE IF EXISTS `model_has_roles`;
DROP TABLE IF EXISTS `model_has_permissions`;
DROP TABLE IF EXISTS `roles`;
DROP TABLE IF EXISTS `permissions`;
DROP TABLE IF EXISTS `ai_conversation_logs`;
DROP TABLE IF EXISTS `kehadiran_dosen`;
DROP TABLE IF EXISTS `logbook_kp`;
DROP TABLE IF EXISTS `kerja_praktek`;
DROP TABLE IF EXISTS `bimbingan_skripsi`;
DROP TABLE IF EXISTS `skripsi`;
DROP TABLE IF EXISTS `rpl_konversi`;
DROP TABLE IF EXISTS `rpl_dokumen`;
DROP TABLE IF EXISTS `rpl_pengajuan`;
DROP TABLE IF EXISTS `pembayaran_mahasiswa`;
DROP TABLE IF EXISTS `tagihan_mahasiswa`;
DROP TABLE IF EXISTS `mahasiswa_beasiswa`;
DROP TABLE IF EXISTS `beasiswa`;
DROP TABLE IF EXISTS `blokir_mahasiswa`;
DROP TABLE IF EXISTS `notifications`;
DROP TABLE IF EXISTS `presensi`;
DROP TABLE IF EXISTS `pertemuan`;
DROP TABLE IF EXISTS `mahasiswa`;
DROP TABLE IF EXISTS `activity_log`;
DROP TABLE IF EXISTS `jadwal_kuliah`;
DROP TABLE IF EXISTS `nilai`;
DROP TABLE IF EXISTS `krs_detail`;
DROP TABLE IF EXISTS `krs`;
DROP TABLE IF EXISTS `tahun_akademik`;
DROP TABLE IF EXISTS `dosen`;
DROP TABLE IF EXISTS `prodi`;
DROP TABLE IF EXISTS `fakultas`;
DROP TABLE IF EXISTS `cache_locks`;
DROP TABLE IF EXISTS `cache`;
DROP TABLE IF EXISTS `sessions`;
DROP TABLE IF EXISTS `password_reset_tokens`;
DROP TABLE IF EXISTS `migrations`;
SET FOREIGN_KEY_CHECKS=1;
CREATE TABLE IF NOT EXISTS `migrations` (`id` BIGINT UNSIGNED NOT NULL AUTO_INCREMENT PRIMARY KEY, `migration` varchar(255) not null, `batch` integer not null);
INSERT INTO migrations VALUES(1,'0001_01_01_000000_create_users_table',1);
INSERT INTO migrations VALUES(2,'0001_01_01_000001_create_cache_table',1);
INSERT INTO migrations VALUES(3,'2025_12_10_020000_add_role_to_users_table',1);
INSERT INTO migrations VALUES(4,'2025_12_10_020001_create_fakultas_table',1);
INSERT INTO migrations VALUES(5,'2025_12_10_020002_create_prodi_table',1);
INSERT INTO migrations VALUES(6,'2025_12_10_020003_create_mahasiswa_table',1);
INSERT INTO migrations VALUES(7,'2025_12_10_020004_create_dosen_table',1);
INSERT INTO migrations VALUES(8,'2025_12_10_020005_create_tahun_akademik_table',1);
INSERT INTO migrations VALUES(9,'2025_12_10_020006_create_mata_kuliah_table',1);
INSERT INTO migrations VALUES(10,'2025_12_10_020007_create_kelas_table',1);
INSERT INTO migrations VALUES(11,'2025_12_10_020008_create_krs_table',1);
INSERT INTO migrations VALUES(12,'2025_12_10_020009_create_krs_detail_table',1);
INSERT INTO migrations VALUES(13,'2025_12_10_020010_create_nilai_table',1);
INSERT INTO migrations VALUES(14,'2025_12_10_030001_create_jadwal_kuliah_table',1);
INSERT INTO migrations VALUES(15,'2025_12_10_030002_create_activity_log_table',1);
INSERT INTO migrations VALUES(16,'2025_12_10_030003_add_status_columns',1);
INSERT INTO migrations VALUES(17,'2025_12_10_040001_add_catatan_to_krs_table',1);
INSERT INTO migrations VALUES(18,'2025_12_10_040001_add_dosen_pa_to_mahasiswa',1);
INSERT INTO migrations VALUES(19,'2025_12_10_050001_create_pertemuan_table',1);
INSERT INTO migrations VALUES(20,'2025_12_10_050002_create_presensi_table',1);
INSERT INTO migrations VALUES(21,'2025_12_10_124351_create_ruangan_table',1);
INSERT INTO migrations VALUES(22,'2025_12_10_131009_create_notifications_table',1);
INSERT INTO migrations VALUES(23,'2025_12_10_132207_create_skripsi_table',1);
INSERT INTO migrations VALUES(24,'2025_12_10_132208_create_bimbingan_skripsi_table',1);
INSERT INTO migrations VALUES(25,'2025_12_10_134022_create_kerja_praktek_table',1);
INSERT INTO migrations VALUES(26,'2025_12_10_134023_create_logbook_kp_table',1);
INSERT INTO migrations VALUES(27,'2025_12_10_135337_create_kehadiran_dosen_table',1);
INSERT INTO migrations VALUES(28,'2025_12_16_134815_create_ai_conversation_logs_table',1);
INSERT INTO migrations VALUES(29,'2025_12_21_114532_create_permission_tables',1);
INSERT INTO migrations VALUES(30,'2025_12_21_180000_add_fakultas_id_to_users_table',1);
INSERT INTO migrations VALUES(31,'2025_12_22_070221_add_prodi_id_to_mata_kuliah_table',1);
INSERT INTO migrations VALUES(32,'2025_12_22_070222_add_fakultas_id_to_ruangan_table',1);
INSERT INTO migrations VALUES(33,'2025_12_22_150900_create_materi_table',1);
INSERT INTO migrations VALUES(34,'2025_12_22_151000_create_tugas_table',1);
INSERT INTO migrations VALUES(35,'2025_12_22_151001_create_tugas_submission_table',1);
INSERT INTO migrations VALUES(36,'2025_12_22_160300_add_tahun_akademik_id_to_kelas_table',1);
INSERT INTO migrations VALUES(37,'2025_12_22_160301_add_date_range_to_tahun_akademik_table',1);
INSERT INTO migrations VALUES(38,'2025_12_26_180400_add_performance_indexes',1);
INSERT INTO migrations VALUES(39,'2026_05_03_000001_create_beasiswa_tables',1);
INSERT INTO migrations VALUES(40,'2026_05_03_000002_create_keuangan_mahasiswa_tables',1);
INSERT INTO migrations VALUES(41,'2026_05_03_000003_create_blokir_mahasiswa_table',1);
INSERT INTO migrations VALUES(42,'2026_05_03_000004_create_rpl_tables',1);
INSERT INTO migrations VALUES(43,'2026_05_03_000005_add_finance_fields_to_krs_table',1);
INSERT INTO migrations VALUES(44,'2026_05_03_000006_add_recognition_fields_to_rpl_pengajuan_table',1);
CREATE TABLE IF NOT EXISTS `password_reset_tokens` (`email` varchar(255) not null, `token` varchar(255) not null, `created_at` datetime, primary key (`email`));
CREATE TABLE IF NOT EXISTS `sessions` (`id` varchar(255) not null, `user_id` integer, `ip_address` varchar(255), `user_agent` text, `payload` text not null, `last_activity` integer not null, primary key (`id`));
CREATE TABLE IF NOT EXISTS `cache` (`key` varchar(255) not null, `value` text not null, `expiration` integer not null, primary key (`key`));
CREATE TABLE IF NOT EXISTS `cache_locks` (`key` varchar(255) not null, `owner` varchar(255) not null, `expiration` integer not null, primary key (`key`));
CREATE TABLE IF NOT EXISTS `fakultas` (`id` BIGINT UNSIGNED NOT NULL AUTO_INCREMENT PRIMARY KEY, `nama` varchar(255) not null, `created_at` datetime, `updated_at` datetime);
INSERT INTO fakultas VALUES(1,'Fakultas Teknik dan Ilmu Komputer','2026-05-01 15:23:38','2026-05-01 15:23:38');
CREATE TABLE IF NOT EXISTS `prodi` (`id` BIGINT UNSIGNED NOT NULL AUTO_INCREMENT PRIMARY KEY, `fakultas_id` integer not null, `nama` varchar(255) not null, `created_at` datetime, `updated_at` datetime);
INSERT INTO prodi VALUES(1,1,'Teknik Informatika','2026-05-01 15:23:39','2026-05-01 15:23:39');
CREATE TABLE IF NOT EXISTS `dosen` (`id` BIGINT UNSIGNED NOT NULL AUTO_INCREMENT PRIMARY KEY, `user_id` integer not null, `nidn` varchar(255) not null, `prodi_id` integer not null, `created_at` datetime, `updated_at` datetime);
INSERT INTO dosen VALUES(1,3,'0012056701',1,'2026-05-01 15:23:42','2026-05-01 15:23:42');
CREATE TABLE IF NOT EXISTS `tahun_akademik` (`id` BIGINT UNSIGNED NOT NULL AUTO_INCREMENT PRIMARY KEY, `tahun` varchar(255) not null, `semester` varchar(255) not null, `is_active` tinyint(1) not null default '0', `created_at` datetime, `updated_at` datetime, `tanggal_mulai` date, `tanggal_selesai` date, `tanggal_krs_mulai` date, `tanggal_krs_selesai` date);
INSERT INTO tahun_akademik VALUES(1,'2023/2024','Ganjil',0,'2026-05-01 15:23:38','2026-05-01 15:23:38','2023-09-01 00:00:00','2024-01-31 00:00:00',NULL,NULL);
INSERT INTO tahun_akademik VALUES(2,'2023/2024','Genap',0,'2026-05-01 15:23:38','2026-05-01 15:23:38','2024-02-01 00:00:00','2024-06-30 00:00:00',NULL,NULL);
INSERT INTO tahun_akademik VALUES(3,'2024/2025','Ganjil',1,'2026-05-01 15:23:38','2026-05-01 15:23:38','2024-09-01 00:00:00','2025-01-31 00:00:00',NULL,NULL);
INSERT INTO tahun_akademik VALUES(4,'2022/2023','Ganjil',0,'2026-05-01 15:23:43','2026-05-01 15:23:43','2022-09-01 00:00:00','2023-01-31 00:00:00',NULL,NULL);
INSERT INTO tahun_akademik VALUES(5,'2022/2023','Genap',0,'2026-05-01 15:23:43','2026-05-01 15:23:43','2023-02-01 00:00:00','2023-06-30 00:00:00',NULL,NULL);
CREATE TABLE IF NOT EXISTS `krs` (`id` BIGINT UNSIGNED NOT NULL AUTO_INCREMENT PRIMARY KEY, `mahasiswa_id` integer not null, `tahun_akademik_id` integer not null, `status` varchar(255) not null default 'draft', `created_at` datetime, `updated_at` datetime, `catatan` text);
INSERT INTO krs VALUES(1,1,4,'approved','2026-05-01 15:23:43','2026-05-01 15:23:43',NULL);
INSERT INTO krs VALUES(2,1,5,'approved','2026-05-01 15:23:44','2026-05-01 15:23:44',NULL);
INSERT INTO krs VALUES(3,1,1,'approved','2026-05-01 15:23:45','2026-05-01 15:23:45',NULL);
INSERT INTO krs VALUES(4,1,2,'approved','2026-05-01 15:23:46','2026-05-01 15:23:46',NULL);
INSERT INTO krs VALUES(5,1,3,'draft','2026-05-01 15:23:47','2026-05-01 15:23:47',NULL);
CREATE TABLE IF NOT EXISTS `krs_detail` (`id` BIGINT UNSIGNED NOT NULL AUTO_INCREMENT PRIMARY KEY, `krs_id` integer not null, `kelas_id` integer not null, `created_at` datetime, `updated_at` datetime);
INSERT INTO krs_detail VALUES(1,1,1,'2026-05-01 15:23:43','2026-05-01 15:23:43');
INSERT INTO krs_detail VALUES(2,1,2,'2026-05-01 15:23:44','2026-05-01 15:23:44');
INSERT INTO krs_detail VALUES(3,1,3,'2026-05-01 15:23:44','2026-05-01 15:23:44');
INSERT INTO krs_detail VALUES(4,1,4,'2026-05-01 15:23:44','2026-05-01 15:23:44');
INSERT INTO krs_detail VALUES(5,1,5,'2026-05-01 15:23:44','2026-05-01 15:23:44');
INSERT INTO krs_detail VALUES(6,1,6,'2026-05-01 15:23:44','2026-05-01 15:23:44');
INSERT INTO krs_detail VALUES(7,1,7,'2026-05-01 15:23:44','2026-05-01 15:23:44');
INSERT INTO krs_detail VALUES(8,2,8,'2026-05-01 15:23:44','2026-05-01 15:23:44');
INSERT INTO krs_detail VALUES(9,2,9,'2026-05-01 15:23:44','2026-05-01 15:23:44');
INSERT INTO krs_detail VALUES(10,2,10,'2026-05-01 15:23:44','2026-05-01 15:23:44');
INSERT INTO krs_detail VALUES(11,2,11,'2026-05-01 15:23:44','2026-05-01 15:23:44');
INSERT INTO krs_detail VALUES(12,2,12,'2026-05-01 15:23:44','2026-05-01 15:23:44');
INSERT INTO krs_detail VALUES(13,2,13,'2026-05-01 15:23:45','2026-05-01 15:23:45');
INSERT INTO krs_detail VALUES(14,2,14,'2026-05-01 15:23:45','2026-05-01 15:23:45');
INSERT INTO krs_detail VALUES(15,3,15,'2026-05-01 15:23:45','2026-05-01 15:23:45');
INSERT INTO krs_detail VALUES(16,3,16,'2026-05-01 15:23:45','2026-05-01 15:23:45');
INSERT INTO krs_detail VALUES(17,3,17,'2026-05-01 15:23:45','2026-05-01 15:23:45');
INSERT INTO krs_detail VALUES(18,3,18,'2026-05-01 15:23:45','2026-05-01 15:23:45');
INSERT INTO krs_detail VALUES(19,3,19,'2026-05-01 15:23:45','2026-05-01 15:23:45');
INSERT INTO krs_detail VALUES(20,3,20,'2026-05-01 15:23:45','2026-05-01 15:23:45');
INSERT INTO krs_detail VALUES(21,3,21,'2026-05-01 15:23:46','2026-05-01 15:23:46');
INSERT INTO krs_detail VALUES(22,4,22,'2026-05-01 15:23:46','2026-05-01 15:23:46');
INSERT INTO krs_detail VALUES(23,4,23,'2026-05-01 15:23:47','2026-05-01 15:23:47');
INSERT INTO krs_detail VALUES(24,4,24,'2026-05-01 15:23:47','2026-05-01 15:23:47');
INSERT INTO krs_detail VALUES(25,4,25,'2026-05-01 15:23:47','2026-05-01 15:23:47');
INSERT INTO krs_detail VALUES(26,4,26,'2026-05-01 15:23:47','2026-05-01 15:23:47');
INSERT INTO krs_detail VALUES(27,4,27,'2026-05-01 15:23:47','2026-05-01 15:23:47');
INSERT INTO krs_detail VALUES(28,4,28,'2026-05-01 15:23:47','2026-05-01 15:23:47');
INSERT INTO krs_detail VALUES(29,5,29,'2026-05-01 15:23:47','2026-05-01 15:23:47');
INSERT INTO krs_detail VALUES(30,5,30,'2026-05-01 15:23:47','2026-05-01 15:23:47');
INSERT INTO krs_detail VALUES(31,5,31,'2026-05-01 15:23:47','2026-05-01 15:23:47');
INSERT INTO krs_detail VALUES(32,5,32,'2026-05-01 15:23:47','2026-05-01 15:23:47');
INSERT INTO krs_detail VALUES(33,5,33,'2026-05-01 15:23:47','2026-05-01 15:23:47');
INSERT INTO krs_detail VALUES(34,5,34,'2026-05-01 15:23:48','2026-05-01 15:23:48');
INSERT INTO krs_detail VALUES(35,5,35,'2026-05-01 15:23:48','2026-05-01 15:23:48');
CREATE TABLE IF NOT EXISTS `nilai` (`id` BIGINT UNSIGNED NOT NULL AUTO_INCREMENT PRIMARY KEY, `mahasiswa_id` integer not null, `kelas_id` integer not null, `nilai_angka` numeric, `nilai_huruf` varchar(255), `created_at` datetime, `updated_at` datetime);
INSERT INTO nilai VALUES(1,1,1,77,'B+','2026-05-01 15:23:44','2026-05-01 15:23:44');
INSERT INTO nilai VALUES(2,1,2,92,'A','2026-05-01 15:23:44','2026-05-01 15:23:44');
INSERT INTO nilai VALUES(3,1,3,80,'A-','2026-05-01 15:23:44','2026-05-01 15:23:44');
INSERT INTO nilai VALUES(4,1,4,91,'A','2026-05-01 15:23:44','2026-05-01 15:23:44');
INSERT INTO nilai VALUES(5,1,5,89,'A','2026-05-01 15:23:44','2026-05-01 15:23:44');
INSERT INTO nilai VALUES(6,1,6,75,'B+','2026-05-01 15:23:44','2026-05-01 15:23:44');
INSERT INTO nilai VALUES(7,1,7,81,'A-','2026-05-01 15:23:44','2026-05-01 15:23:44');
INSERT INTO nilai VALUES(8,1,8,74,'B','2026-05-01 15:23:44','2026-05-01 15:23:44');
INSERT INTO nilai VALUES(9,1,9,75,'B+','2026-05-01 15:23:44','2026-05-01 15:23:44');
INSERT INTO nilai VALUES(10,1,10,86,'A','2026-05-01 15:23:44','2026-05-01 15:23:44');
INSERT INTO nilai VALUES(11,1,11,89,'A','2026-05-01 15:23:44','2026-05-01 15:23:44');
INSERT INTO nilai VALUES(12,1,12,90,'A','2026-05-01 15:23:45','2026-05-01 15:23:45');
INSERT INTO nilai VALUES(13,1,13,85,'A','2026-05-01 15:23:45','2026-05-01 15:23:45');
INSERT INTO nilai VALUES(14,1,14,84,'A-','2026-05-01 15:23:45','2026-05-01 15:23:45');
INSERT INTO nilai VALUES(15,1,15,85,'A','2026-05-01 15:23:45','2026-05-01 15:23:45');
INSERT INTO nilai VALUES(16,1,16,77,'B+','2026-05-01 15:23:45','2026-05-01 15:23:45');
INSERT INTO nilai VALUES(17,1,17,81,'A-','2026-05-01 15:23:45','2026-05-01 15:23:45');
INSERT INTO nilai VALUES(18,1,18,87,'A','2026-05-01 15:23:45','2026-05-01 15:23:45');
INSERT INTO nilai VALUES(19,1,19,83,'A-','2026-05-01 15:23:45','2026-05-01 15:23:45');
INSERT INTO nilai VALUES(20,1,20,84,'A-','2026-05-01 15:23:46','2026-05-01 15:23:46');
INSERT INTO nilai VALUES(21,1,21,88,'A','2026-05-01 15:23:46','2026-05-01 15:23:46');
INSERT INTO nilai VALUES(22,1,22,76,'B+','2026-05-01 15:23:46','2026-05-01 15:23:46');
INSERT INTO nilai VALUES(23,1,23,83,'A-','2026-05-01 15:23:47','2026-05-01 15:23:47');
INSERT INTO nilai VALUES(24,1,24,84,'A-','2026-05-01 15:23:47','2026-05-01 15:23:47');
INSERT INTO nilai VALUES(25,1,25,77,'B+','2026-05-01 15:23:47','2026-05-01 15:23:47');
INSERT INTO nilai VALUES(26,1,26,84,'A-','2026-05-01 15:23:47','2026-05-01 15:23:47');
INSERT INTO nilai VALUES(27,1,27,78,'B+','2026-05-01 15:23:47','2026-05-01 15:23:47');
INSERT INTO nilai VALUES(28,1,28,87,'A','2026-05-01 15:23:47','2026-05-01 15:23:47');
CREATE TABLE IF NOT EXISTS `jadwal_kuliah` (`id` BIGINT UNSIGNED NOT NULL AUTO_INCREMENT PRIMARY KEY, `kelas_id` integer not null, `hari` varchar(255) not null, `jam_mulai` time not null, `jam_selesai` time not null, `ruangan` varchar(255), `created_at` datetime, `updated_at` datetime);
INSERT INTO jadwal_kuliah VALUES(1,1,'Senin','08:00','09:30','Lab Komputer 1','2026-05-01 15:23:42','2026-05-01 15:23:42');
INSERT INTO jadwal_kuliah VALUES(2,2,'Selasa','10:00','11:30','Lab Komputer 1','2026-05-01 15:23:42','2026-05-01 15:23:42');
INSERT INTO jadwal_kuliah VALUES(3,3,'Rabu','13:00','14:30','Lab Komputer 1','2026-05-01 15:23:42','2026-05-01 15:23:42');
INSERT INTO jadwal_kuliah VALUES(4,4,'Kamis','15:00','16:30','Lab Komputer 1','2026-05-01 15:23:42','2026-05-01 15:23:42');
INSERT INTO jadwal_kuliah VALUES(5,5,'Jumat','08:00','09:30','Lab Komputer 1','2026-05-01 15:23:42','2026-05-01 15:23:42');
INSERT INTO jadwal_kuliah VALUES(6,6,'Senin','10:00','11:30','Lab Komputer 1','2026-05-01 15:23:42','2026-05-01 15:23:42');
INSERT INTO jadwal_kuliah VALUES(7,7,'Selasa','13:00','14:30','Lab Komputer 1','2026-05-01 15:23:42','2026-05-01 15:23:42');
INSERT INTO jadwal_kuliah VALUES(8,8,'Rabu','15:00','16:30','Lab Komputer 1','2026-05-01 15:23:42','2026-05-01 15:23:42');
INSERT INTO jadwal_kuliah VALUES(9,9,'Kamis','08:00','09:30','Lab Komputer 1','2026-05-01 15:23:42','2026-05-01 15:23:42');
INSERT INTO jadwal_kuliah VALUES(10,10,'Jumat','10:00','11:30','Lab Komputer 1','2026-05-01 15:23:42','2026-05-01 15:23:42');
INSERT INTO jadwal_kuliah VALUES(11,11,'Senin','13:00','14:30','Lab Komputer 1','2026-05-01 15:23:42','2026-05-01 15:23:42');
INSERT INTO jadwal_kuliah VALUES(12,12,'Selasa','15:00','16:30','Lab Komputer 1','2026-05-01 15:23:43','2026-05-01 15:23:43');
INSERT INTO jadwal_kuliah VALUES(13,13,'Rabu','08:00','09:30','Lab Komputer 1','2026-05-01 15:23:43','2026-05-01 15:23:43');
INSERT INTO jadwal_kuliah VALUES(14,14,'Kamis','10:00','11:30','Lab Komputer 1','2026-05-01 15:23:43','2026-05-01 15:23:43');
CREATE TABLE IF NOT EXISTS `activity_log` (`id` BIGINT UNSIGNED NOT NULL AUTO_INCREMENT PRIMARY KEY, `user_id` integer, `action` varchar(255) not null, `model_type` varchar(255), `model_id` integer, `changes` text, `ip_address` varchar(255), `user_agent` text, `created_at` datetime, `updated_at` datetime);
CREATE TABLE IF NOT EXISTS `mahasiswa` (`id` BIGINT UNSIGNED NOT NULL AUTO_INCREMENT PRIMARY KEY, `user_id` integer not null, `nim` varchar(255) not null, `prodi_id` integer not null, `angkatan` varchar(255) not null, `created_at` datetime, `updated_at` datetime, `status` varchar(255) not null default 'aktif', `dosen_pa_id` integer);
INSERT INTO mahasiswa VALUES(1,4,'2022101001',1,'2022','2026-05-01 15:23:43','2026-05-01 15:23:43','aktif',1);
CREATE TABLE IF NOT EXISTS `pertemuan` (`id` BIGINT UNSIGNED NOT NULL AUTO_INCREMENT PRIMARY KEY, `jadwal_kuliah_id` integer not null, `pertemuan_ke` integer not null, `tanggal` date not null, `materi` varchar(255), `status` varchar(255) not null default 'terlaksana', `created_at` datetime, `updated_at` datetime);
CREATE TABLE IF NOT EXISTS `presensi` (`id` BIGINT UNSIGNED NOT NULL AUTO_INCREMENT PRIMARY KEY, `pertemuan_id` integer not null, `mahasiswa_id` integer not null, `status` varchar(255) not null default 'alpa', `waktu_presensi` time, `keterangan` text, `created_at` datetime, `updated_at` datetime);
CREATE TABLE IF NOT EXISTS `notifications` (`id` BIGINT UNSIGNED NOT NULL AUTO_INCREMENT PRIMARY KEY, `user_id` integer not null, `type` varchar(255) not null, `title` varchar(255) not null, `message` text not null, `data` text, `read_at` datetime, `created_at` datetime, `updated_at` datetime);
CREATE TABLE IF NOT EXISTS `skripsi` (`id` BIGINT UNSIGNED NOT NULL AUTO_INCREMENT PRIMARY KEY, `mahasiswa_id` integer not null, `pembimbing1_id` integer, `pembimbing2_id` integer, `judul` varchar(255) not null, `abstrak` text, `bidang_kajian` varchar(255), `status` varchar(255) not null default 'pengajuan', `tanggal_pengajuan` date, `tanggal_acc_judul` date, `tanggal_seminar_proposal` date, `tanggal_seminar_hasil` date, `tanggal_sidang` date, `tanggal_selesai` date, `nilai_akhir` numeric, `nilai_huruf` varchar(255), `catatan_admin` text, `created_at` datetime, `updated_at` datetime);
CREATE TABLE IF NOT EXISTS `bimbingan_skripsi` (`id` BIGINT UNSIGNED NOT NULL AUTO_INCREMENT PRIMARY KEY, `skripsi_id` integer not null, `dosen_id` integer not null, `tanggal_bimbingan` date not null, `catatan_mahasiswa` text, `catatan_dosen` text, `file_dokumen` varchar(255), `status` varchar(255) not null default 'menunggu', `created_at` datetime, `updated_at` datetime);
CREATE TABLE IF NOT EXISTS `kerja_praktek` (`id` BIGINT UNSIGNED NOT NULL AUTO_INCREMENT PRIMARY KEY, `mahasiswa_id` integer not null, `pembimbing_id` integer, `nama_perusahaan` varchar(255) not null, `alamat_perusahaan` varchar(255), `bidang_usaha` varchar(255), `nama_pembimbing_lapangan` varchar(255), `jabatan_pembimbing_lapangan` varchar(255), `no_telp_pembimbing` varchar(255), `tanggal_mulai` date not null, `tanggal_selesai` date not null, `judul_laporan` varchar(255), `status` varchar(255) not null default 'pengajuan', `tanggal_seminar` date, `nilai_perusahaan` numeric, `nilai_pembimbing` numeric, `nilai_seminar` numeric, `nilai_akhir` numeric, `nilai_huruf` varchar(255), `catatan` text, `created_at` datetime, `updated_at` datetime);
CREATE TABLE IF NOT EXISTS `logbook_kp` (`id` BIGINT UNSIGNED NOT NULL AUTO_INCREMENT PRIMARY KEY, `kerja_praktek_id` integer not null, `tanggal` date not null, `jam_masuk` time, `jam_keluar` time, `kegiatan` text not null, `catatan_pembimbing` text, `status` varchar(255) not null default 'pending', `created_at` datetime, `updated_at` datetime);
CREATE TABLE IF NOT EXISTS `kehadiran_dosen` (`id` BIGINT UNSIGNED NOT NULL AUTO_INCREMENT PRIMARY KEY, `dosen_id` integer not null, `jadwal_kuliah_id` integer, `pertemuan_id` integer, `tanggal` date not null, `jam_masuk` time, `jam_keluar` time, `status` varchar(255) not null default 'hadir', `keterangan` text, `bukti_file` varchar(255), `created_at` datetime, `updated_at` datetime);
CREATE TABLE IF NOT EXISTS `ai_conversation_logs` (`id` BIGINT UNSIGNED NOT NULL AUTO_INCREMENT PRIMARY KEY, `user_id` integer not null, `mahasiswa_id` integer not null, `session_id` varchar(255), `question` text not null, `answer` text not null, `context_summary` text, `response_time_ms` integer not null, `model_used` varchar(255) not null, `provider` varchar(255) not null, `guard_applied` tinyint(1) not null default '0', `guard_issues` text, `was_retry` tinyint(1) not null default '0', `feedback` varchar(255), `feedback_note` text, `created_at` datetime, `updated_at` datetime);
CREATE TABLE IF NOT EXISTS `permissions` (`id` BIGINT UNSIGNED NOT NULL AUTO_INCREMENT PRIMARY KEY, `name` varchar(255) not null, `guard_name` varchar(255) not null, `created_at` datetime, `updated_at` datetime);
INSERT INTO permissions VALUES(1,'view mahasiswa','web','2026-05-01 15:23:32','2026-05-01 15:23:32');
INSERT INTO permissions VALUES(2,'create mahasiswa','web','2026-05-01 15:23:32','2026-05-01 15:23:32');
INSERT INTO permissions VALUES(3,'edit mahasiswa','web','2026-05-01 15:23:32','2026-05-01 15:23:32');
INSERT INTO permissions VALUES(4,'delete mahasiswa','web','2026-05-01 15:23:32','2026-05-01 15:23:32');
INSERT INTO permissions VALUES(5,'view dosen','web','2026-05-01 15:23:32','2026-05-01 15:23:32');
INSERT INTO permissions VALUES(6,'create dosen','web','2026-05-01 15:23:32','2026-05-01 15:23:32');
INSERT INTO permissions VALUES(7,'edit dosen','web','2026-05-01 15:23:32','2026-05-01 15:23:32');
INSERT INTO permissions VALUES(8,'delete dosen','web','2026-05-01 15:23:33','2026-05-01 15:23:33');
INSERT INTO permissions VALUES(9,'view kelas','web','2026-05-01 15:23:33','2026-05-01 15:23:33');
INSERT INTO permissions VALUES(10,'create kelas','web','2026-05-01 15:23:33','2026-05-01 15:23:33');
INSERT INTO permissions VALUES(11,'edit kelas','web','2026-05-01 15:23:33','2026-05-01 15:23:33');
INSERT INTO permissions VALUES(12,'delete kelas','web','2026-05-01 15:23:33','2026-05-01 15:23:33');
INSERT INTO permissions VALUES(13,'view mata kuliah','web','2026-05-01 15:23:33','2026-05-01 15:23:33');
INSERT INTO permissions VALUES(14,'create mata kuliah','web','2026-05-01 15:23:33','2026-05-01 15:23:33');
INSERT INTO permissions VALUES(15,'edit mata kuliah','web','2026-05-01 15:23:33','2026-05-01 15:23:33');
INSERT INTO permissions VALUES(16,'delete mata kuliah','web','2026-05-01 15:23:33','2026-05-01 15:23:33');
INSERT INTO permissions VALUES(17,'view krs','web','2026-05-01 15:23:33','2026-05-01 15:23:33');
INSERT INTO permissions VALUES(18,'approve krs','web','2026-05-01 15:23:33','2026-05-01 15:23:33');
INSERT INTO permissions VALUES(19,'reject krs','web','2026-05-01 15:23:33','2026-05-01 15:23:33');
INSERT INTO permissions VALUES(20,'view nilai','web','2026-05-01 15:23:33','2026-05-01 15:23:33');
INSERT INTO permissions VALUES(21,'input nilai','web','2026-05-01 15:23:33','2026-05-01 15:23:33');
INSERT INTO permissions VALUES(22,'view skripsi','web','2026-05-01 15:23:33','2026-05-01 15:23:33');
INSERT INTO permissions VALUES(23,'manage skripsi','web','2026-05-01 15:23:34','2026-05-01 15:23:34');
INSERT INTO permissions VALUES(24,'view kp','web','2026-05-01 15:23:34','2026-05-01 15:23:34');
INSERT INTO permissions VALUES(25,'manage kp','web','2026-05-01 15:23:34','2026-05-01 15:23:34');
INSERT INTO permissions VALUES(26,'view users','web','2026-05-01 15:23:34','2026-05-01 15:23:34');
INSERT INTO permissions VALUES(27,'create users','web','2026-05-01 15:23:34','2026-05-01 15:23:34');
INSERT INTO permissions VALUES(28,'edit users','web','2026-05-01 15:23:34','2026-05-01 15:23:34');
INSERT INTO permissions VALUES(29,'delete users','web','2026-05-01 15:23:34','2026-05-01 15:23:34');
INSERT INTO permissions VALUES(30,'manage fakultas','web','2026-05-01 15:23:34','2026-05-01 15:23:34');
INSERT INTO permissions VALUES(31,'manage prodi','web','2026-05-01 15:23:34','2026-05-01 15:23:34');
INSERT INTO permissions VALUES(32,'manage tahun akademik','web','2026-05-01 15:23:34','2026-05-01 15:23:34');
INSERT INTO permissions VALUES(33,'manage ruangan','web','2026-05-01 15:23:34','2026-05-01 15:23:34');
INSERT INTO permissions VALUES(34,'view reports','web','2026-05-01 15:23:35','2026-05-01 15:23:35');
INSERT INTO permissions VALUES(35,'export reports','web','2026-05-01 15:23:35','2026-05-01 15:23:35');
INSERT INTO permissions VALUES(36,'manage announcements','web','2026-05-01 15:23:35','2026-05-01 15:23:35');
CREATE TABLE IF NOT EXISTS `roles` (`id` BIGINT UNSIGNED NOT NULL AUTO_INCREMENT PRIMARY KEY, `name` varchar(255) not null, `guard_name` varchar(255) not null, `created_at` datetime, `updated_at` datetime);
INSERT INTO roles VALUES(1,'superadmin','web','2026-05-01 15:23:35','2026-05-01 15:23:35');
INSERT INTO roles VALUES(2,'admin_fakultas','web','2026-05-01 15:23:35','2026-05-01 15:23:35');
INSERT INTO roles VALUES(3,'dosen','web','2026-05-01 15:23:36','2026-05-01 15:23:36');
INSERT INTO roles VALUES(4,'mahasiswa','web','2026-05-01 15:23:36','2026-05-01 15:23:36');
CREATE TABLE IF NOT EXISTS `model_has_permissions` (`permission_id` integer not null, `model_type` varchar(255) not null, `model_id` integer not null, primary key (`permission_id`, `model_id`, `model_type`));
CREATE TABLE IF NOT EXISTS `model_has_roles` (`role_id` integer not null, `model_type` varchar(255) not null, `model_id` integer not null, primary key (`role_id`, `model_id`, `model_type`));
CREATE TABLE IF NOT EXISTS `role_has_permissions` (`permission_id` integer not null, `role_id` integer not null, primary key (`permission_id`, `role_id`));
INSERT INTO role_has_permissions VALUES(1,1);
INSERT INTO role_has_permissions VALUES(2,1);
INSERT INTO role_has_permissions VALUES(3,1);
INSERT INTO role_has_permissions VALUES(4,1);
INSERT INTO role_has_permissions VALUES(5,1);
INSERT INTO role_has_permissions VALUES(6,1);
INSERT INTO role_has_permissions VALUES(7,1);
INSERT INTO role_has_permissions VALUES(8,1);
INSERT INTO role_has_permissions VALUES(9,1);
INSERT INTO role_has_permissions VALUES(10,1);
INSERT INTO role_has_permissions VALUES(11,1);
INSERT INTO role_has_permissions VALUES(12,1);
INSERT INTO role_has_permissions VALUES(13,1);
INSERT INTO role_has_permissions VALUES(14,1);
INSERT INTO role_has_permissions VALUES(15,1);
INSERT INTO role_has_permissions VALUES(16,1);
INSERT INTO role_has_permissions VALUES(17,1);
INSERT INTO role_has_permissions VALUES(18,1);
INSERT INTO role_has_permissions VALUES(19,1);
INSERT INTO role_has_permissions VALUES(20,1);
INSERT INTO role_has_permissions VALUES(21,1);
INSERT INTO role_has_permissions VALUES(22,1);
INSERT INTO role_has_permissions VALUES(23,1);
INSERT INTO role_has_permissions VALUES(24,1);
INSERT INTO role_has_permissions VALUES(25,1);
INSERT INTO role_has_permissions VALUES(26,1);
INSERT INTO role_has_permissions VALUES(27,1);
INSERT INTO role_has_permissions VALUES(28,1);
INSERT INTO role_has_permissions VALUES(29,1);
INSERT INTO role_has_permissions VALUES(30,1);
INSERT INTO role_has_permissions VALUES(31,1);
INSERT INTO role_has_permissions VALUES(32,1);
INSERT INTO role_has_permissions VALUES(33,1);
INSERT INTO role_has_permissions VALUES(34,1);
INSERT INTO role_has_permissions VALUES(35,1);
INSERT INTO role_has_permissions VALUES(36,1);
INSERT INTO role_has_permissions VALUES(1,2);
INSERT INTO role_has_permissions VALUES(2,2);
INSERT INTO role_has_permissions VALUES(3,2);
INSERT INTO role_has_permissions VALUES(5,2);
INSERT INTO role_has_permissions VALUES(6,2);
INSERT INTO role_has_permissions VALUES(7,2);
INSERT INTO role_has_permissions VALUES(9,2);
INSERT INTO role_has_permissions VALUES(10,2);
INSERT INTO role_has_permissions VALUES(11,2);
INSERT INTO role_has_permissions VALUES(12,2);
INSERT INTO role_has_permissions VALUES(13,2);
INSERT INTO role_has_permissions VALUES(14,2);
INSERT INTO role_has_permissions VALUES(15,2);
INSERT INTO role_has_permissions VALUES(17,2);
INSERT INTO role_has_permissions VALUES(18,2);
INSERT INTO role_has_permissions VALUES(19,2);
INSERT INTO role_has_permissions VALUES(20,2);
INSERT INTO role_has_permissions VALUES(22,2);
INSERT INTO role_has_permissions VALUES(23,2);
INSERT INTO role_has_permissions VALUES(24,2);
INSERT INTO role_has_permissions VALUES(25,2);
INSERT INTO role_has_permissions VALUES(31,2);
INSERT INTO role_has_permissions VALUES(33,2);
INSERT INTO role_has_permissions VALUES(34,2);
INSERT INTO role_has_permissions VALUES(35,2);
INSERT INTO role_has_permissions VALUES(36,2);
INSERT INTO role_has_permissions VALUES(9,3);
INSERT INTO role_has_permissions VALUES(20,3);
INSERT INTO role_has_permissions VALUES(21,3);
INSERT INTO role_has_permissions VALUES(22,3);
INSERT INTO role_has_permissions VALUES(24,3);
INSERT INTO role_has_permissions VALUES(1,3);
CREATE TABLE IF NOT EXISTS `users` (`id` BIGINT UNSIGNED NOT NULL AUTO_INCREMENT PRIMARY KEY, `name` varchar(255) not null, `email` varchar(255) not null, `email_verified_at` datetime, `password` varchar(255) not null, `remember_token` varchar(255), `created_at` datetime, `updated_at` datetime, `role` varchar(255) not null default 'mahasiswa', `fakultas_id` integer);
INSERT INTO users VALUES(1,'Super Administrator','superadmin@siakad.test',NULL,'$2y$12$6N1tq8p4TrSSlDFb9jcF7uCdU2pSoXiS/Uc3s/eyA59HNCdG0HczW',NULL,'2026-05-01 15:23:38','2026-05-01 15:23:38','superadmin',NULL);
INSERT INTO users VALUES(2,'Admin FTIK','admin.ftik@siakad.test',NULL,'$2y$12$LMvaG.wz.a42r835AsRluOGWtQeTSi5RIVOSomgoOv4s63IdVV9Pu',NULL,'2026-05-01 15:23:39','2026-05-01 15:23:39','admin_fakultas',1);
INSERT INTO users VALUES(3,'Dr. Ahmad Fauzi, M.Kom.','dosen@siakad.test',NULL,'$2y$12$kdXhYJ.Mu5m6QHphJzZ6h.KX720nnvCxfn0YRRD1MeDXrO75s7gXK',NULL,'2026-05-01 15:23:42','2026-05-01 15:23:42','dosen',NULL);
INSERT INTO users VALUES(4,'Budi Santoso','mahasiswa@siakad.test',NULL,'$2y$12$LOVmMleEHKG2ksuKj.yeU.EYrdfyKQcVPXnyTr5xqQX3HQ1XKGxnq',NULL,'2026-05-01 15:23:43','2026-05-01 15:23:43','mahasiswa',NULL);
CREATE TABLE IF NOT EXISTS `mata_kuliah` (`id` BIGINT UNSIGNED NOT NULL AUTO_INCREMENT PRIMARY KEY, `kode_mk` varchar(255) not null, `nama_mk` varchar(255) not null, `sks` integer not null, `semester` integer not null, `created_at` datetime, `updated_at` datetime, `prodi_id` integer);
INSERT INTO mata_kuliah VALUES(1,'TI101','Algoritma dan Pemrograman I',4,1,'2026-05-01 15:23:39','2026-05-01 15:23:39',1);
INSERT INTO mata_kuliah VALUES(2,'TI102','Matematika Diskrit',3,1,'2026-05-01 15:23:39','2026-05-01 15:23:39',1);
INSERT INTO mata_kuliah VALUES(3,'TI103','Pengantar Teknologi Informasi',3,1,'2026-05-01 15:23:39','2026-05-01 15:23:39',1);
INSERT INTO mata_kuliah VALUES(4,'TI104','Kalkulus I',3,1,'2026-05-01 15:23:39','2026-05-01 15:23:39',1);
INSERT INTO mata_kuliah VALUES(5,'TI105','Fisika Dasar',3,1,'2026-05-01 15:23:39','2026-05-01 15:23:39',1);
INSERT INTO mata_kuliah VALUES(6,'TI106','Bahasa Inggris I',2,1,'2026-05-01 15:23:39','2026-05-01 15:23:39',1);
INSERT INTO mata_kuliah VALUES(7,'TI107','Pendidikan Pancasila',2,1,'2026-05-01 15:23:39','2026-05-01 15:23:39',1);
INSERT INTO mata_kuliah VALUES(8,'TI201','Algoritma dan Pemrograman II',4,2,'2026-05-01 15:23:39','2026-05-01 15:23:39',1);
INSERT INTO mata_kuliah VALUES(9,'TI202','Struktur Data',4,2,'2026-05-01 15:23:39','2026-05-01 15:23:39',1);
INSERT INTO mata_kuliah VALUES(10,'TI203','Kalkulus II',3,2,'2026-05-01 15:23:39','2026-05-01 15:23:39',1);
INSERT INTO mata_kuliah VALUES(11,'TI204','Aljabar Linear',3,2,'2026-05-01 15:23:39','2026-05-01 15:23:39',1);
INSERT INTO mata_kuliah VALUES(12,'TI205','Bahasa Inggris II',2,2,'2026-05-01 15:23:39','2026-05-01 15:23:39',1);
INSERT INTO mata_kuliah VALUES(13,'TI206','Pendidikan Kewarganegaraan',2,2,'2026-05-01 15:23:40','2026-05-01 15:23:40',1);
INSERT INTO mata_kuliah VALUES(14,'TI207','Praktikum Algoritma',2,2,'2026-05-01 15:23:40','2026-05-01 15:23:40',1);
INSERT INTO mata_kuliah VALUES(15,'TI301','Pemrograman Berorientasi Objek',4,3,'2026-05-01 15:23:40','2026-05-01 15:23:40',1);
INSERT INTO mata_kuliah VALUES(16,'TI302','Basis Data',4,3,'2026-05-01 15:23:40','2026-05-01 15:23:40',1);
INSERT INTO mata_kuliah VALUES(17,'TI303','Sistem Operasi',3,3,'2026-05-01 15:23:40','2026-05-01 15:23:40',1);
INSERT INTO mata_kuliah VALUES(18,'TI304','Statistika dan Probabilitas',3,3,'2026-05-01 15:23:40','2026-05-01 15:23:40',1);
INSERT INTO mata_kuliah VALUES(19,'TI305','Organisasi dan Arsitektur Komputer',3,3,'2026-05-01 15:23:40','2026-05-01 15:23:40',1);
INSERT INTO mata_kuliah VALUES(20,'TI306','Praktikum Basis Data',2,3,'2026-05-01 15:23:40','2026-05-01 15:23:40',1);
INSERT INTO mata_kuliah VALUES(21,'TI307','Agama',2,3,'2026-05-01 15:23:40','2026-05-01 15:23:40',1);
INSERT INTO mata_kuliah VALUES(22,'TI401','Pemrograman Web',4,4,'2026-05-01 15:23:40','2026-05-01 15:23:40',1);
INSERT INTO mata_kuliah VALUES(23,'TI402','Jaringan Komputer',4,4,'2026-05-01 15:23:40','2026-05-01 15:23:40',1);
INSERT INTO mata_kuliah VALUES(24,'TI403','Rekayasa Perangkat Lunak',3,4,'2026-05-01 15:23:40','2026-05-01 15:23:40',1);
INSERT INTO mata_kuliah VALUES(25,'TI404','Interaksi Manusia dan Komputer',3,4,'2026-05-01 15:23:40','2026-05-01 15:23:40',1);
INSERT INTO mata_kuliah VALUES(26,'TI405','Analisis dan Perancangan Sistem',3,4,'2026-05-01 15:23:40','2026-05-01 15:23:40',1);
INSERT INTO mata_kuliah VALUES(27,'TI406','Praktikum Jaringan',2,4,'2026-05-01 15:23:40','2026-05-01 15:23:40',1);
INSERT INTO mata_kuliah VALUES(28,'TI407','Etika Profesi',2,4,'2026-05-01 15:23:40','2026-05-01 15:23:40',1);
INSERT INTO mata_kuliah VALUES(29,'TI501','Pemrograman Mobile',4,5,'2026-05-01 15:23:40','2026-05-01 15:23:40',1);
INSERT INTO mata_kuliah VALUES(30,'TI502','Kecerdasan Buatan',3,5,'2026-05-01 15:23:40','2026-05-01 15:23:40',1);
INSERT INTO mata_kuliah VALUES(31,'TI503','Keamanan Sistem Informasi',3,5,'2026-05-01 15:23:40','2026-05-01 15:23:40',1);
INSERT INTO mata_kuliah VALUES(32,'TI504','Sistem Terdistribusi',3,5,'2026-05-01 15:23:40','2026-05-01 15:23:40',1);
INSERT INTO mata_kuliah VALUES(33,'TI505','Manajemen Proyek TI',3,5,'2026-05-01 15:23:40','2026-05-01 15:23:40',1);
INSERT INTO mata_kuliah VALUES(34,'TI506','Praktikum Mobile',2,5,'2026-05-01 15:23:40','2026-05-01 15:23:40',1);
INSERT INTO mata_kuliah VALUES(35,'TI507','Kewirausahaan',2,5,'2026-05-01 15:23:41','2026-05-01 15:23:41',1);
INSERT INTO mata_kuliah VALUES(36,'TI601','Machine Learning',3,6,'2026-05-01 15:23:41','2026-05-01 15:23:41',1);
INSERT INTO mata_kuliah VALUES(37,'TI602','Data Mining',3,6,'2026-05-01 15:23:41','2026-05-01 15:23:41',1);
INSERT INTO mata_kuliah VALUES(38,'TI603','Cloud Computing',3,6,'2026-05-01 15:23:41','2026-05-01 15:23:41',1);
INSERT INTO mata_kuliah VALUES(39,'TI604','Pengolahan Citra Digital',3,6,'2026-05-01 15:23:41','2026-05-01 15:23:41',1);
INSERT INTO mata_kuliah VALUES(40,'TI605','Metodologi Penelitian',2,6,'2026-05-01 15:23:41','2026-05-01 15:23:41',1);
INSERT INTO mata_kuliah VALUES(41,'TI606','Kerja Praktek',4,6,'2026-05-01 15:23:41','2026-05-01 15:23:41',1);
INSERT INTO mata_kuliah VALUES(42,'TI701','Internet of Things',3,7,'2026-05-01 15:23:41','2026-05-01 15:23:41',1);
INSERT INTO mata_kuliah VALUES(43,'TI702','Big Data Analytics',3,7,'2026-05-01 15:23:41','2026-05-01 15:23:41',1);
INSERT INTO mata_kuliah VALUES(44,'TI703','Natural Language Processing',3,7,'2026-05-01 15:23:41','2026-05-01 15:23:41',1);
INSERT INTO mata_kuliah VALUES(45,'TI704','Proyek 1 (Proposal Skripsi)',2,7,'2026-05-01 15:23:41','2026-05-01 15:23:41',1);
INSERT INTO mata_kuliah VALUES(46,'TI705','Pilihan 1',3,7,'2026-05-01 15:23:41','2026-05-01 15:23:41',1);
INSERT INTO mata_kuliah VALUES(47,'TI801','Deep Learning',3,8,'2026-05-01 15:23:41','2026-05-01 15:23:41',1);
INSERT INTO mata_kuliah VALUES(48,'TI802','Pilihan 2',3,8,'2026-05-01 15:23:41','2026-05-01 15:23:41',1);
INSERT INTO mata_kuliah VALUES(49,'TI803','Skripsi',6,8,'2026-05-01 15:23:41','2026-05-01 15:23:41',1);
CREATE TABLE IF NOT EXISTS `ruangan` (`id` BIGINT UNSIGNED NOT NULL AUTO_INCREMENT PRIMARY KEY, `kode_ruangan` varchar(255) not null, `nama_ruangan` varchar(255) not null, `kapasitas` integer not null default '40', `gedung` varchar(255), `lantai` integer, `fasilitas` text, `is_active` tinyint(1) not null default '1', `created_at` datetime, `updated_at` datetime, `fakultas_id` integer);
INSERT INTO ruangan VALUES(1,'LC-01','Lab Komputer 1',40,'Gedung A',1,NULL,1,'2026-05-01 15:23:39','2026-05-01 15:23:39',NULL);
CREATE TABLE IF NOT EXISTS `materi` (`id` BIGINT UNSIGNED NOT NULL AUTO_INCREMENT PRIMARY KEY, `pertemuan_id` integer not null, `judul` varchar(255) not null, `deskripsi` text, `file_path` varchar(255), `file_name` varchar(255), `file_size` integer, `file_type` varchar(255), `link_external` varchar(255), `urutan` integer not null default '1', `created_at` datetime, `updated_at` datetime);
CREATE TABLE IF NOT EXISTS `tugas` (`id` BIGINT UNSIGNED NOT NULL AUTO_INCREMENT PRIMARY KEY, `kelas_id` integer not null, `judul` varchar(255) not null, `deskripsi` text, `file_tugas` varchar(255), `deadline` datetime not null, `max_file_size` integer not null default '10485760', `allowed_extensions` varchar(255) not null default 'pdf,doc,docx,zip,rar', `is_active` tinyint(1) not null default '1', `created_at` datetime, `updated_at` datetime);
CREATE TABLE IF NOT EXISTS `tugas_submission` (`id` BIGINT UNSIGNED NOT NULL AUTO_INCREMENT PRIMARY KEY, `tugas_id` integer not null, `mahasiswa_id` integer not null, `file_path` varchar(255) not null, `file_name` varchar(255) not null, `catatan` text, `submitted_at` datetime not null, `nilai` numeric, `feedback` text, `graded_at` datetime, `graded_by` integer, `created_at` datetime, `updated_at` datetime);
CREATE TABLE IF NOT EXISTS `kelas` (`id` BIGINT UNSIGNED NOT NULL AUTO_INCREMENT PRIMARY KEY, `mata_kuliah_id` integer not null, `dosen_id` integer not null, `nama_kelas` varchar(255) not null, `kapasitas` integer not null, `created_at` datetime, `updated_at` datetime, `is_closed` tinyint(1) not null default '0', `tahun_akademik_id` integer);
INSERT INTO kelas VALUES(1,1,1,'A',40,'2026-05-01 15:23:42','2026-05-01 15:23:42',0,3);
INSERT INTO kelas VALUES(2,2,1,'A',40,'2026-05-01 15:23:42','2026-05-01 15:23:42',0,3);
INSERT INTO kelas VALUES(3,3,1,'A',40,'2026-05-01 15:23:42','2026-05-01 15:23:42',0,3);
INSERT INTO kelas VALUES(4,4,1,'A',40,'2026-05-01 15:23:42','2026-05-01 15:23:42',0,3);
INSERT INTO kelas VALUES(5,5,1,'A',40,'2026-05-01 15:23:42','2026-05-01 15:23:42',0,3);
INSERT INTO kelas VALUES(6,6,1,'A',40,'2026-05-01 15:23:42','2026-05-01 15:23:42',0,3);
INSERT INTO kelas VALUES(7,7,1,'A',40,'2026-05-01 15:23:42','2026-05-01 15:23:42',0,3);
INSERT INTO kelas VALUES(8,8,1,'A',40,'2026-05-01 15:23:42','2026-05-01 15:23:42',0,3);
INSERT INTO kelas VALUES(9,9,1,'A',40,'2026-05-01 15:23:42','2026-05-01 15:23:42',0,3);
INSERT INTO kelas VALUES(10,10,1,'A',40,'2026-05-01 15:23:42','2026-05-01 15:23:42',0,3);
INSERT INTO kelas VALUES(11,11,1,'A',40,'2026-05-01 15:23:42','2026-05-01 15:23:42',0,3);
INSERT INTO kelas VALUES(12,12,1,'A',40,'2026-05-01 15:23:42','2026-05-01 15:23:42',0,3);
INSERT INTO kelas VALUES(13,13,1,'A',40,'2026-05-01 15:23:43','2026-05-01 15:23:43',0,3);
INSERT INTO kelas VALUES(14,14,1,'A',40,'2026-05-01 15:23:43','2026-05-01 15:23:43',0,3);
INSERT INTO kelas VALUES(15,15,1,'A',40,'2026-05-01 15:23:45','2026-05-01 15:23:45',0,1);
INSERT INTO kelas VALUES(16,16,1,'A',40,'2026-05-01 15:23:45','2026-05-01 15:23:45',0,1);
INSERT INTO kelas VALUES(17,17,1,'A',40,'2026-05-01 15:23:45','2026-05-01 15:23:45',0,1);
INSERT INTO kelas VALUES(18,18,1,'A',40,'2026-05-01 15:23:45','2026-05-01 15:23:45',0,1);
INSERT INTO kelas VALUES(19,19,1,'A',40,'2026-05-01 15:23:45','2026-05-01 15:23:45',0,1);
INSERT INTO kelas VALUES(20,20,1,'A',40,'2026-05-01 15:23:45','2026-05-01 15:23:45',0,1);
INSERT INTO kelas VALUES(21,21,1,'A',40,'2026-05-01 15:23:46','2026-05-01 15:23:46',0,1);
INSERT INTO kelas VALUES(22,22,1,'A',40,'2026-05-01 15:23:46','2026-05-01 15:23:46',0,2);
INSERT INTO kelas VALUES(23,23,1,'A',40,'2026-05-01 15:23:46','2026-05-01 15:23:46',0,2);
INSERT INTO kelas VALUES(24,24,1,'A',40,'2026-05-01 15:23:47','2026-05-01 15:23:47',0,2);
INSERT INTO kelas VALUES(25,25,1,'A',40,'2026-05-01 15:23:47','2026-05-01 15:23:47',0,2);
INSERT INTO kelas VALUES(26,26,1,'A',40,'2026-05-01 15:23:47','2026-05-01 15:23:47',0,2);
INSERT INTO kelas VALUES(27,27,1,'A',40,'2026-05-01 15:23:47','2026-05-01 15:23:47',0,2);
INSERT INTO kelas VALUES(28,28,1,'A',40,'2026-05-01 15:23:47','2026-05-01 15:23:47',0,2);
INSERT INTO kelas VALUES(29,29,1,'A',40,'2026-05-01 15:23:47','2026-05-01 15:23:47',0,3);
INSERT INTO kelas VALUES(30,30,1,'A',40,'2026-05-01 15:23:47','2026-05-01 15:23:47',0,3);
INSERT INTO kelas VALUES(31,31,1,'A',40,'2026-05-01 15:23:47','2026-05-01 15:23:47',0,3);
INSERT INTO kelas VALUES(32,32,1,'A',40,'2026-05-01 15:23:47','2026-05-01 15:23:47',0,3);
INSERT INTO kelas VALUES(33,33,1,'A',40,'2026-05-01 15:23:47','2026-05-01 15:23:47',0,3);
INSERT INTO kelas VALUES(34,34,1,'A',40,'2026-05-01 15:23:48','2026-05-01 15:23:48',0,3);
INSERT INTO kelas VALUES(35,35,1,'A',40,'2026-05-01 15:23:48','2026-05-01 15:23:48',0,3);
CREATE INDEX `sessions_user_id_index` on `sessions` (`user_id`);
CREATE INDEX `sessions_last_activity_index` on `sessions` (`last_activity`);
CREATE UNIQUE INDEX `dosen_nidn_unique` on `dosen` (`nidn`);
CREATE INDEX `activity_log_model_type_model_id_index` on `activity_log` (`model_type`, `model_id`);
CREATE INDEX `activity_log_user_id_index` on `activity_log` (`user_id`);
CREATE INDEX `activity_log_action_index` on `activity_log` (`action`);
CREATE UNIQUE INDEX `mahasiswa_nim_unique` on `mahasiswa` (`nim`);
CREATE UNIQUE INDEX `pertemuan_jadwal_kuliah_id_pertemuan_ke_unique` on `pertemuan` (`jadwal_kuliah_id`, `pertemuan_ke`);
CREATE UNIQUE INDEX `presensi_pertemuan_id_mahasiswa_id_unique` on `presensi` (`pertemuan_id`, `mahasiswa_id`);
CREATE INDEX `notifications_user_id_read_at_index` on `notifications` (`user_id`, `read_at`);
CREATE INDEX `notifications_type_index` on `notifications` (`type`);
CREATE INDEX `skripsi_status_index` on `skripsi` (`status`);
CREATE INDEX `skripsi_mahasiswa_id_index` on `skripsi` (`mahasiswa_id`);
CREATE INDEX `bimbingan_skripsi_skripsi_id_tanggal_bimbingan_index` on `bimbingan_skripsi` (`skripsi_id`, `tanggal_bimbingan`);
CREATE INDEX `kerja_praktek_status_index` on `kerja_praktek` (`status`);
CREATE INDEX `kerja_praktek_mahasiswa_id_index` on `kerja_praktek` (`mahasiswa_id`);
CREATE INDEX `logbook_kp_kerja_praktek_id_tanggal_index` on `logbook_kp` (`kerja_praktek_id`, `tanggal`);
CREATE INDEX `kehadiran_dosen_dosen_id_tanggal_index` on `kehadiran_dosen` (`dosen_id`, `tanggal`);
CREATE UNIQUE INDEX `kehadiran_dosen_dosen_id_jadwal_kuliah_id_tanggal_unique` on `kehadiran_dosen` (`dosen_id`, `jadwal_kuliah_id`, `tanggal`);
CREATE INDEX `ai_conversation_logs_created_at_index` on `ai_conversation_logs` (`created_at`);
CREATE INDEX `ai_conversation_logs_mahasiswa_id_created_at_index` on `ai_conversation_logs` (`mahasiswa_id`, `created_at`);
CREATE INDEX `ai_conversation_logs_session_id_index` on `ai_conversation_logs` (`session_id`);
CREATE UNIQUE INDEX `permissions_name_guard_name_unique` on `permissions` (`name`, `guard_name`);
CREATE UNIQUE INDEX `roles_name_guard_name_unique` on `roles` (`name`, `guard_name`);
CREATE INDEX `model_has_permissions_model_id_model_type_index` on `model_has_permissions` (`model_id`, `model_type`);
CREATE INDEX `model_has_roles_model_id_model_type_index` on `model_has_roles` (`model_id`, `model_type`);
CREATE UNIQUE INDEX `users_email_unique` on `users` (`email`);
CREATE UNIQUE INDEX `mata_kuliah_kode_mk_unique` on `mata_kuliah` (`kode_mk`);
CREATE UNIQUE INDEX `ruangan_kode_ruangan_unique` on `ruangan` (`kode_ruangan`);
CREATE UNIQUE INDEX `tugas_submission_tugas_id_mahasiswa_id_unique` on `tugas_submission` (`tugas_id`, `mahasiswa_id`);
CREATE INDEX `krs_status_index` on `krs` (`status`);
CREATE UNIQUE INDEX `krs_mahasiswa_tahun_unique` on `krs` (`mahasiswa_id`, `tahun_akademik_id`);
CREATE UNIQUE INDEX `krs_detail_krs_kelas_unique` on `krs_detail` (`krs_id`, `kelas_id`);
CREATE UNIQUE INDEX `nilai_mahasiswa_kelas_unique` on `nilai` (`mahasiswa_id`, `kelas_id`);
CREATE INDEX `kelas_mata_kuliah_index` on `kelas` (`mata_kuliah_id`);
CREATE INDEX `kelas_dosen_index` on `kelas` (`dosen_id`);
CREATE INDEX `mahasiswa_angkatan_index` on `mahasiswa` (`angkatan`);
CREATE INDEX `mahasiswa_prodi_index` on `mahasiswa` (`prodi_id`);
CREATE INDEX `dosen_prodi_index` on `dosen` (`prodi_id`);
CREATE INDEX `pertemuan_jadwal_index` on `pertemuan` (`jadwal_kuliah_id`);
CREATE INDEX `pertemuan_tanggal_index` on `pertemuan` (`tanggal`);
CREATE INDEX `jadwal_kuliah_kelas_index` on `jadwal_kuliah` (`kelas_id`);
CREATE INDEX `jadwal_kuliah_hari_index` on `jadwal_kuliah` (`hari`);
CREATE INDEX `ai_logs_mahasiswa_index` on `ai_conversation_logs` (`mahasiswa_id`);
CREATE INDEX `ai_logs_created_at_index` on `ai_conversation_logs` (`created_at`);

CREATE TABLE IF NOT EXISTS `beasiswa` (`id` BIGINT UNSIGNED NOT NULL AUTO_INCREMENT PRIMARY KEY, `nama` varchar(255) not null, `jenis` varchar(255) not null, `coverage_type` varchar(255) not null default 'partial', `coverage_percent` tinyint unsigned not null default '0', `kuota` int unsigned not null default '0', `aktif` tinyint(1) not null default '1', `deskripsi` text, `created_at` datetime, `updated_at` datetime);
CREATE TABLE IF NOT EXISTS `mahasiswa_beasiswa` (`id` BIGINT UNSIGNED NOT NULL AUTO_INCREMENT PRIMARY KEY, `mahasiswa_id` bigint unsigned not null, `beasiswa_id` bigint unsigned not null, `tahun_akademik_id` bigint unsigned not null, `nomor_sk` varchar(255), `status` varchar(255) not null default 'pengajuan', `mulai_berlaku` date, `berakhir_berlaku` date, `catatan` text, `disetujui_oleh` bigint unsigned, `created_at` datetime, `updated_at` datetime);
CREATE TABLE IF NOT EXISTS `tagihan_mahasiswa` (`id` BIGINT UNSIGNED NOT NULL AUTO_INCREMENT PRIMARY KEY, `mahasiswa_id` bigint unsigned not null, `tahun_akademik_id` bigint unsigned not null, `jenis_tagihan` varchar(255) not null, `nominal` bigint unsigned not null default '0', `terbayar` bigint unsigned not null default '0', `status` varchar(255) not null default 'belum_bayar', `jatuh_tempo` date, `catatan` text, `created_at` datetime, `updated_at` datetime);
CREATE TABLE IF NOT EXISTS `pembayaran_mahasiswa` (`id` BIGINT UNSIGNED NOT NULL AUTO_INCREMENT PRIMARY KEY, `tagihan_mahasiswa_id` bigint unsigned not null, `mahasiswa_id` bigint unsigned not null, `metode_pembayaran` varchar(255) not null, `jumlah_bayar` bigint unsigned not null default '0', `tanggal_bayar` date, `status_verifikasi` varchar(255) not null default 'pending', `bukti_transfer` varchar(255), `diverifikasi_oleh` bigint unsigned, `catatan_verifikasi` text, `created_at` datetime, `updated_at` datetime);
CREATE TABLE IF NOT EXISTS `blokir_mahasiswa` (`id` BIGINT UNSIGNED NOT NULL AUTO_INCREMENT PRIMARY KEY, `mahasiswa_id` bigint unsigned not null, `tahun_akademik_id` bigint unsigned, `tipe_blokir` varchar(255) not null, `status` varchar(255) not null default 'aktif', `alasan` text not null, `dibuat_oleh` bigint unsigned, `dicabut_oleh` bigint unsigned, `expired_at` datetime, `created_at` datetime, `updated_at` datetime);
CREATE TABLE IF NOT EXISTS `rpl_pengajuan` (`id` BIGINT UNSIGNED NOT NULL AUTO_INCREMENT PRIMARY KEY, `mahasiswa_id` bigint unsigned not null, `tahun_akademik_id` bigint unsigned not null, `judul_pengajuan` varchar(255) not null, `jenis_pengalaman` varchar(255), `nama_instansi` varchar(255), `periode_mulai` date, `periode_selesai` date, `uraian_pengalaman` text, `target_sks_dimohon` tinyint unsigned not null default '0', `status` varchar(255) not null default 'draft', `total_sks_diakui` tinyint unsigned not null default '0', `catatan` text, `created_at` datetime, `updated_at` datetime);
CREATE TABLE IF NOT EXISTS `rpl_dokumen` (`id` BIGINT UNSIGNED NOT NULL AUTO_INCREMENT PRIMARY KEY, `rpl_pengajuan_id` bigint unsigned not null, `jenis_dokumen` varchar(255) not null, `file_path` varchar(255) not null, `keterangan` text, `created_at` datetime, `updated_at` datetime);
CREATE TABLE IF NOT EXISTS `rpl_konversi` (`id` BIGINT UNSIGNED NOT NULL AUTO_INCREMENT PRIMARY KEY, `rpl_pengajuan_id` bigint unsigned not null, `mata_kuliah_id` bigint unsigned not null, `nilai_awal` varchar(255), `nilai_konversi` varchar(255), `sks_diakui` tinyint unsigned not null default '0', `disetujui` tinyint(1) not null default '0', `created_at` datetime, `updated_at` datetime);

INSERT INTO beasiswa VALUES(1,'KIP Kuliah','KIP','full',100,0,1,'Beasiswa KIP Kuliah',NULL,NULL);
INSERT INTO mahasiswa_beasiswa VALUES(1,1,1,3,'SK-001','disetujui','2024-09-01','2025-01-31',NULL,2,'2026-05-03 00:00:00','2026-05-03 00:00:00');
INSERT INTO tagihan_mahasiswa VALUES(1,1,3,'ukt',2500000,2500000,'lunas','2024-10-01',NULL,'2026-05-03 00:00:00','2026-05-03 00:00:00');
INSERT INTO pembayaran_mahasiswa VALUES(1,1,1,'kip',2500000,'2026-05-03','approved',NULL,2,NULL,'2026-05-03 00:00:00','2026-05-03 00:00:00');
INSERT INTO blokir_mahasiswa VALUES(1,1,3,'keuangan','aktif','Menunggu validasi pembayaran',2,NULL,NULL,'2026-05-03 00:00:00','2026-05-03 00:00:00');
INSERT INTO rpl_pengajuan VALUES(1,1,3,'Pengalaman Kerja sebagai Junior Web Developer','kerja','PT Contoh Digital','2022-08-01','2024-08-31','Pernah bekerja mengelola website perusahaan, membuat halaman admin, dan menangani basis data.',6,'diajukan',6,NULL,'2026-05-03 00:00:00','2026-05-03 00:00:00');
INSERT INTO rpl_dokumen VALUES(1,1,'sertifikat','rpl-dokumen/sertifikat.pdf','Sertifikat pelatihan',NULL,NULL);
INSERT INTO rpl_konversi VALUES(1,1,22,'B','A',3,1,'2026-05-03 00:00:00','2026-05-03 00:00:00');

ALTER TABLE `krs`
  ADD COLUMN `keuangan_status` varchar(255) NOT NULL DEFAULT 'clear' AFTER `status`,
  ADD COLUMN `keuangan_catatan` text NULL AFTER `keuangan_status`,
  ADD COLUMN `keuangan_checked_at` datetime NULL AFTER `keuangan_catatan`;

CREATE INDEX `beasiswa_aktif_index` on `beasiswa` (`aktif`);
CREATE INDEX `mb_mhs_ta_idx` on `mahasiswa_beasiswa` (`mahasiswa_id`, `tahun_akademik_id`);
CREATE INDEX `mb_status_ta_idx` on `mahasiswa_beasiswa` (`status`, `tahun_akademik_id`);
CREATE INDEX `tm_mhs_ta_idx` on `tagihan_mahasiswa` (`mahasiswa_id`, `tahun_akademik_id`);
CREATE INDEX `tm_status_jenis_idx` on `tagihan_mahasiswa` (`status`, `jenis_tagihan`);
CREATE INDEX `pm_mhs_status_idx` on `pembayaran_mahasiswa` (`mahasiswa_id`, `status_verifikasi`);
CREATE INDEX `pm_tagihan_status_idx` on `pembayaran_mahasiswa` (`tagihan_mahasiswa_id`, `status_verifikasi`);
CREATE INDEX `bm_mhs_tipe_status_idx` on `blokir_mahasiswa` (`mahasiswa_id`, `tipe_blokir`, `status`);
CREATE INDEX `rp_mhs_ta_idx` on `rpl_pengajuan` (`mahasiswa_id`, `tahun_akademik_id`);
CREATE INDEX `rp_status_idx` on `rpl_pengajuan` (`status`);
CREATE INDEX `rd_pengajuan_idx` on `rpl_dokumen` (`rpl_pengajuan_id`);
CREATE INDEX `rk_pengajuan_disetujui_idx` on `rpl_konversi` (`rpl_pengajuan_id`, `disetujui`);
